timestamp_utc;model;params;split;fold;y_true;y_pred;local_hour;prediction_granularity;block;y_pred_lower;y_pred_upper
2025-12-01 00:00:00+00:00;lear_model;"{""params_by_hour"": {""0"": {""alpha"": 7.0, ""regularization"": ""lasso"", ""target_transform"": ""raw""}, ""1"": {""alpha"": 7.0, ""regularization"": ""lasso"", ""target_transform"": ""raw""}, ""10"": {""alpha"": 3.0, ""regularization"": ""lasso"", ""target_transform"": ""raw""}, ""11"": {""alpha"": 5.0, ""regularization"": ""lasso"", ""target_transform"": ""raw""}, ""12"": {""alpha"": 3.0, ""regularization"": ""lasso"", ""target_transform"": ""raw""}, ""13"": {""alpha"": 5.0, ""regularization"": ""lasso"", ""target_transform"": ""raw""}, ""14"": {""alpha"": 7.0, ""regularization"": ""lasso"", ""target_transform"": ""raw""}, ""15"": {""alpha"": 7.0, ""regularization"": ""lasso"", ""target_transform"": ""raw""}, ""16"": {""alpha"": 7.0, ""regularization"": ""lasso"", ""target_transform"": ""raw""}, ""17"": {""alpha"": 10.0, ""regularization"": ""lasso"", ""target_transform"": ""raw""}, ""18"": {""alpha"": 7.0, ""regularization"": ""lasso"", ""target_transform"": ""raw""}, ""19"": {""alpha"": 7.0, ""regularization"": ""lasso"", ""target_transform"": ""raw""}, ""2"": {""alpha"": 0.1, ""regularization"": ""lasso"", ""target_transform"": ""raw""}, ""20"": {""alpha"": 7.0, ""regularization"": ""lasso"", ""target_transform"": ""raw""}, ""21"": {""alpha"": 7.0, ""regularization"": ""lasso"", ""target_transform"": ""raw""}, ""22"": {""alpha"": 5.0, ""regularization"": ""lasso"", ""target_transform"": ""raw""}, ""23"": {""alpha"": 5.0, ""regularization"": ""lasso"", ""target_transform"": ""raw""}, ""3"": {""alpha"": 0.3, ""regularization"": ""lasso"", ""target_transform"": ""raw""}, ""4"": {""alpha"": 3.0, ""regularization"": ""lasso"", ""target_transform"": ""raw""}, ""5"": {""alpha"": 3.0, ""regularization"": ""lasso"", ""target_transform"": ""raw""}, ""6"": {""alpha"": 5.0, ""regularization"": ""lasso"", ""target_transform"": ""raw""}, ""7"": {""alpha"": 7.0, ""regularization"": ""lasso"", ""target_transform"": ""raw""}, ""8"": {""alpha"": 7.0, ""regularization"": ""lasso"", ""target_transform"": ""raw""}, ""9"": {""alpha"": 3.0, ""regularization"": ""lasso"", ""target_transform"": ""raw""}}, ""regularization"": ""lasso"", ""target_transform"": ""raw""}";window_prediction;1;86.02250000000001;76.80040312836387;1;hourly;all_standard_blocks;67.77040312836387;85.83040312836387
2025-12-01 01:00:00+00:00;lear_model;"{""params_by_hour"": {""0"": {""alpha"": 7.0, ""regularization"": ""lasso"", ""target_transform"": ""raw""}, ""1"": {""alpha"": 7.0, ""regularization"": ""lasso"", ""target_transform"": ""raw""}, ""10"": {""alpha"": 3.0, ""regularization"": ""lasso"", ""target_transform"": ""raw""}, ""11"": {""alpha"": 5.0, ""regularization"": ""lasso"", ""target_transform"": ""raw""}, ""12"": {""alpha"": 3.0, ""regularization"": ""lasso"", ""target_transform"": ""raw""}, ""13"": {""alpha"": 5.0, ""regularization"": ""lasso"", ""target_transform"": ""raw""}, ""14"": {""alpha"": 7.0, ""regularization"": ""lasso"", ""target_transform"": ""raw""}, ""15"": {""alpha"": 7.0, ""regularization"": ""lasso"", ""target_transform"": ""raw""}, ""16"": {""alpha"": 7.0, ""regularization"": ""lasso"", ""target_transform"": ""raw""}, ""17"": {""alpha"": 10.0, ""regularization"": ""lasso"", ""target_transform"": ""raw""}, ""18"": {""alpha"": 7.0, ""regularization"": ""lasso"", ""target_transform"": ""raw""}, ""19"": {""alpha"": 7.0, ""regularization"": ""lasso"", ""target_transform"": ""raw""}, ""2"": {""alpha"": 0.1, ""regularization"": ""lasso"", ""target_transform"": ""raw""}, ""20"": {""alpha"": 7.0, ""regularization"": ""lasso"", ""target_transform"": ""raw""}, ""21"": {""alpha"": 7.0, ""regularization"": ""lasso"", ""target_transform"": ""raw""}, ""22"": {""alpha"": 5.0, ""regularization"": ""lasso"", ""target_transform"": ""raw""}, ""23"": {""alpha"": 5.0, ""regularization"": ""lasso"", ""target_transform"": ""raw""}, ""3"": {""alpha"": 0.3, ""regularization"": ""lasso"", ""target_transform"": ""raw""}, ""4"": {""alpha"": 3.0, ""regularization"": ""lasso"", ""target_transform"": ""raw""}, ""5"": {""alpha"": 3.0, ""regularization"": ""lasso"", ""target_transform"": ""raw""}, ""6"": {""alpha"": 5.0, ""regularization"": ""lasso"", ""target_transform"": ""raw""}, ""7"": {""alpha"": 7.0, ""regularization"": ""lasso"", ""target_transform"": ""raw""}, ""8"": {""alpha"": 7.0, ""regularization"": ""lasso"", ""target_transform"": ""raw""}, ""9"": {""alpha"": 3.0, ""regularization"": ""lasso"", ""target_transform"": ""raw""}}, ""regularization"": ""lasso"", ""target_transform"": ""raw""}";window_prediction;1;81.34;79.75774639979865;2;hourly;all_standard_blocks;70.72774639979865;88.78774639979865
2025-12-01 02:00:00+00:00;lear_model;"{""params_by_hour"": {""0"": {""alpha"": 7.0, ""regularization"": ""lasso"", ""target_transform"": ""raw""}, ""1"": {""alpha"": 7.0, ""regularization"": ""lasso"", ""target_transform"": ""raw""}, ""10"": {""alpha"": 3.0, ""regularization"": ""lasso"", ""target_transform"": ""raw""}, ""11"": {""alpha"": 5.0, ""regularization"": ""lasso"", ""target_transform"": ""raw""}, ""12"": {""alpha"": 3.0, ""regularization"": ""lasso"", ""target_transform"": ""raw""}, ""13"": {""alpha"": 5.0, ""regularization"": ""lasso"", ""target_transform"": ""raw""}, ""14"": {""alpha"": 7.0, ""regularization"": ""lasso"", ""target_transform"": ""raw""}, ""15"": {""alpha"": 7.0, ""regularization"": ""lasso"", ""target_transform"": ""raw""}, ""16"": {""alpha"": 7.0, ""regularization"": ""lasso"", ""target_transform"": ""raw""}, ""17"": {""alpha"": 10.0, ""regularization"": ""lasso"", ""target_transform"": ""raw""}, ""18"": {""alpha"": 7.0, ""regularization"": ""lasso"", ""target_transform"": ""raw""}, ""19"": {""alpha"": 7.0, ""regularization"": ""lasso"", ""target_transform"": ""raw""}, ""2"": {""alpha"": 0.1, ""regularization"": ""lasso"", ""target_transform"": ""raw""}, ""20"": {""alpha"": 7.0, ""regularization"": ""lasso"", ""target_transform"": ""raw""}, ""21"": {""alpha"": 7.0, ""regularization"": ""lasso"", ""target_transform"": ""raw""}, ""22"": {""alpha"": 5.0, ""regularization"": ""lasso"", ""target_transform"": ""raw""}, ""23"": {""alpha"": 5.0, ""regularization"": ""lasso"", ""target_transform"": ""raw""}, ""3"": {""alpha"": 0.3, ""regularization"": ""lasso"", ""target_transform"": ""raw""}, ""4"": {""alpha"": 3.0, ""regularization"": ""lasso"", ""target_transform"": ""raw""}, ""5"": {""alpha"": 3.0, ""regularization"": ""lasso"", ""target_transform"": ""raw""}, ""6"": {""alpha"": 5.0, ""regularization"": ""lasso"", ""target_transform"": ""raw""}, ""7"": {""alpha"": 7.0, ""regularization"": ""lasso"", ""target_transform"": ""raw""}, ""8"": {""alpha"": 7.0, ""regularization"": ""lasso"", ""target_transform"": ""raw""}, ""9"": {""alpha"": 3.0, ""regularization"": ""lasso"", ""target_transform"": ""raw""}}, ""regularization"": ""lasso"", ""target_transform"": ""raw""}";window_prediction;1;85.14;78.37507245449962;3;hourly;all_standard_blocks;69.34507245449961;87.40507245449962
2025-12-01 03:00:00+00:00;lear_model;"{""params_by_hour"": {""0"": {""alpha"": 7.0, ""regularization"": ""lasso"", ""target_transform"": ""raw""}, ""1"": {""alpha"": 7.0, ""regularization"": ""lasso"", ""target_transform"": ""raw""}, ""10"": {""alpha"": 3.0, ""regularization"": ""lasso"", ""target_transform"": ""raw""}, ""11"": {""alpha"": 5.0, ""regularization"": ""lasso"", ""target_transform"": ""raw""}, ""12"": {""alpha"": 3.0, ""regularization"": ""lasso"", ""target_transform"": ""raw""}, ""13"": {""alpha"": 5.0, ""regularization"": ""lasso"", ""target_transform"": ""raw""}, ""14"": {""alpha"": 7.0, ""regularization"": ""lasso"", ""target_transform"": ""raw""}, ""15"": {""alpha"": 7.0, ""regularization"": ""lasso"", ""target_transform"": ""raw""}, ""16"": {""alpha"": 7.0, ""regularization"": ""lasso"", ""target_transform"": ""raw""}, ""17"": {""alpha"": 10.0, ""regularization"": ""lasso"", ""target_transform"": ""raw""}, ""18"": {""alpha"": 7.0, ""regularization"": ""lasso"", ""target_transform"": ""raw""}, ""19"": {""alpha"": 7.0, ""regularization"": ""lasso"", ""target_transform"": ""raw""}, ""2"": {""alpha"": 0.1, ""regularization"": ""lasso"", ""target_transform"": ""raw""}, ""20"": {""alpha"": 7.0, ""regularization"": ""lasso"", ""target_transform"": ""raw""}, ""21"": {""alpha"": 7.0, ""regularization"": ""lasso"", ""target_transform"": ""raw""}, ""22"": {""alpha"": 5.0, ""regularization"": ""lasso"", ""target_transform"": ""raw""}, ""23"": {""alpha"": 5.0, ""regularization"": ""lasso"", ""target_transform"": ""raw""}, ""3"": {""alpha"": 0.3, ""regularization"": ""lasso"", ""target_transform"": ""raw""}, ""4"": {""alpha"": 3.0, ""regularization"": ""lasso"", ""target_transform"": ""raw""}, ""5"": {""alpha"": 3.0, ""regularization"": ""lasso"", ""target_transform"": ""raw""}, ""6"": {""alpha"": 5.0, ""regularization"": ""lasso"", ""target_transform"": ""raw""}, ""7"": {""alpha"": 7.0, ""regularization"": ""lasso"", ""target_transform"": ""raw""}, ""8"": {""alpha"": 7.0, ""regularization"": ""lasso"", ""target_transform"": ""raw""}, ""9"": {""alpha"": 3.0, ""regularization"": ""lasso"", ""target_transform"": ""raw""}}, ""regularization"": ""lasso"", ""target_transform"": ""raw""}";window_prediction;1;80.2575;80.06646274169577;4;hourly;all_standard_blocks;71.03646274169577;89.09646274169577
2025-12-01 04:00:00+00:00;lear_model;"{""params_by_hour"": {""0"": {""alpha"": 7.0, ""regularization"": ""lasso"", ""target_transform"": ""raw""}, ""1"": {""alpha"": 7.0, ""regularization"": ""lasso"", ""target_transform"": ""raw""}, ""10"": {""alpha"": 3.0, ""regularization"": ""lasso"", ""target_transform"": ""raw""}, ""11"": {""alpha"": 5.0, ""regularization"": ""lasso"", ""target_transform"": ""raw""}, ""12"": {""alpha"": 3.0, ""regularization"": ""lasso"", ""target_transform"": ""raw""}, ""13"": {""alpha"": 5.0, ""regularization"": ""lasso"", ""target_transform"": ""raw""}, ""14"": {""alpha"": 7.0, ""regularization"": ""lasso"", ""target_transform"": ""raw""}, ""15"": {""alpha"": 7.0, ""regularization"": ""lasso"", ""target_transform"": ""raw""}, ""16"": {""alpha"": 7.0, ""regularization"": ""lasso"", ""target_transform"": ""raw""}, ""17"": {""alpha"": 10.0, ""regularization"": ""lasso"", ""target_transform"": ""raw""}, ""18"": {""alpha"": 7.0, ""regularization"": ""lasso"", ""target_transform"": ""raw""}, ""19"": {""alpha"": 7.0, ""regularization"": ""lasso"", ""target_transform"": ""raw""}, ""2"": {""alpha"": 0.1, ""regularization"": ""lasso"", ""target_transform"": ""raw""}, ""20"": {""alpha"": 7.0, ""regularization"": ""lasso"", ""target_transform"": ""raw""}, ""21"": {""alpha"": 7.0, ""regularization"": ""lasso"", ""target_transform"": ""raw""}, ""22"": {""alpha"": 5.0, ""regularization"": ""lasso"", ""target_transform"": ""raw""}, ""23"": {""alpha"": 5.0, ""regularization"": ""lasso"", ""target_transform"": ""raw""}, ""3"": {""alpha"": 0.3, ""regularization"": ""lasso"", ""target_transform"": ""raw""}, ""4"": {""alpha"": 3.0, ""regularization"": ""lasso"", ""target_transform"": ""raw""}, ""5"": {""alpha"": 3.0, ""regularization"": ""lasso"", ""target_transform"": ""raw""}, ""6"": {""alpha"": 5.0, ""regularization"": ""lasso"", ""target_transform"": ""raw""}, ""7"": {""alpha"": 7.0, ""regularization"": ""lasso"", ""target_transform"": ""raw""}, ""8"": {""alpha"": 7.0, ""regularization"": ""lasso"", ""target_transform"": ""raw""}, ""9"": {""alpha"": 3.0, ""regularization"": ""lasso"", ""target_transform"": ""raw""}}, ""regularization"": ""lasso"", ""target_transform"": ""raw""}";window_prediction;1;88.745;87.04964945722774;5;hourly;all_standard_blocks;78.01964945722774;96.07964945722775
2025-12-01 05:00:00+00:00;lear_model;"{""params_by_hour"": {""0"": {""alpha"": 7.0, ""regularization"": ""lasso"", ""target_transform"": ""raw""}, ""1"": {""alpha"": 7.0, ""regularization"": ""lasso"", ""target_transform"": ""raw""}, ""10"": {""alpha"": 3.0, ""regularization"": ""lasso"", ""target_transform"": ""raw""}, ""11"": {""alpha"": 5.0, ""regularization"": ""lasso"", ""target_transform"": ""raw""}, ""12"": {""alpha"": 3.0, ""regularization"": ""lasso"", ""target_transform"": ""raw""}, ""13"": {""alpha"": 5.0, ""regularization"": ""lasso"", ""target_transform"": ""raw""}, ""14"": {""alpha"": 7.0, ""regularization"": ""lasso"", ""target_transform"": ""raw""}, ""15"": {""alpha"": 7.0, ""regularization"": ""lasso"", ""target_transform"": ""raw""}, ""16"": {""alpha"": 7.0, ""regularization"": ""lasso"", ""target_transform"": ""raw""}, ""17"": {""alpha"": 10.0, ""regularization"": ""lasso"", ""target_transform"": ""raw""}, ""18"": {""alpha"": 7.0, ""regularization"": ""lasso"", ""target_transform"": ""raw""}, ""19"": {""alpha"": 7.0, ""regularization"": ""lasso"", ""target_transform"": ""raw""}, ""2"": {""alpha"": 0.1, ""regularization"": ""lasso"", ""target_transform"": ""raw""}, ""20"": {""alpha"": 7.0, ""regularization"": ""lasso"", ""target_transform"": ""raw""}, ""21"": {""alpha"": 7.0, ""regularization"": ""lasso"", ""target_transform"": ""raw""}, ""22"": {""alpha"": 5.0, ""regularization"": ""lasso"", ""target_transform"": ""raw""}, ""23"": {""alpha"": 5.0, ""regularization"": ""lasso"", ""target_transform"": ""raw""}, ""3"": {""alpha"": 0.3, ""regularization"": ""lasso"", ""target_transform"": ""raw""}, ""4"": {""alpha"": 3.0, ""regularization"": ""lasso"", ""target_transform"": ""raw""}, ""5"": {""alpha"": 3.0, ""regularization"": ""lasso"", ""target_transform"": ""raw""}, ""6"": {""alpha"": 5.0, ""regularization"": ""lasso"", ""target_transform"": ""raw""}, ""7"": {""alpha"": 7.0, ""regularization"": ""lasso"", ""target_transform"": ""raw""}, ""8"": {""alpha"": 7.0, ""regularization"": ""lasso"", ""target_transform"": ""raw""}, ""9"": {""alpha"": 3.0, ""regularization"": ""lasso"", ""target_transform"": ""raw""}}, ""regularization"": ""lasso"", ""target_transform"": ""raw""}";window_prediction;1;88.625;105.62206942447912;6;hourly;all_standard_blocks;96.59206942447912;114.65206942447912
2025-12-01 06:00:00+00:00;lear_model;"{""params_by_hour"": {""0"": {""alpha"": 7.0, ""regularization"": ""lasso"", ""target_transform"": ""raw""}, ""1"": {""alpha"": 7.0, ""regularization"": ""lasso"", ""target_transform"": ""raw""}, ""10"": {""alpha"": 3.0, ""regularization"": ""lasso"", ""target_transform"": ""raw""}, ""11"": {""alpha"": 5.0, ""regularization"": ""lasso"", ""target_transform"": ""raw""}, ""12"": {""alpha"": 3.0, ""regularization"": ""lasso"", ""target_transform"": ""raw""}, ""13"": {""alpha"": 5.0, ""regularization"": ""lasso"", ""target_transform"": ""raw""}, ""14"": {""alpha"": 7.0, ""regularization"": ""lasso"", ""target_transform"": ""raw""}, ""15"": {""alpha"": 7.0, ""regularization"": ""lasso"", ""target_transform"": ""raw""}, ""16"": {""alpha"": 7.0, ""regularization"": ""lasso"", ""target_transform"": ""raw""}, ""17"": {""alpha"": 10.0, ""regularization"": ""lasso"", ""target_transform"": ""raw""}, ""18"": {""alpha"": 7.0, ""regularization"": ""lasso"", ""target_transform"": ""raw""}, ""19"": {""alpha"": 7.0, ""regularization"": ""lasso"", ""target_transform"": ""raw""}, ""2"": {""alpha"": 0.1, ""regularization"": ""lasso"", ""target_transform"": ""raw""}, ""20"": {""alpha"": 7.0, ""regularization"": ""lasso"", ""target_transform"": ""raw""}, ""21"": {""alpha"": 7.0, ""regularization"": ""lasso"", ""target_transform"": ""raw""}, ""22"": {""alpha"": 5.0, ""regularization"": ""lasso"", ""target_transform"": ""raw""}, ""23"": {""alpha"": 5.0, ""regularization"": ""lasso"", ""target_transform"": ""raw""}, ""3"": {""alpha"": 0.3, ""regularization"": ""lasso"", ""target_transform"": ""raw""}, ""4"": {""alpha"": 3.0, ""regularization"": ""lasso"", ""target_transform"": ""raw""}, ""5"": {""alpha"": 3.0, ""regularization"": ""lasso"", ""target_transform"": ""raw""}, ""6"": {""alpha"": 5.0, ""regularization"": ""lasso"", ""target_transform"": ""raw""}, ""7"": {""alpha"": 7.0, ""regularization"": ""lasso"", ""target_transform"": ""raw""}, ""8"": {""alpha"": 7.0, ""regularization"": ""lasso"", ""target_transform"": ""raw""}, ""9"": {""alpha"": 3.0, ""regularization"": ""lasso"", ""target_transform"": ""raw""}}, ""regularization"": ""lasso"", ""target_transform"": ""raw""}";window_prediction;1;127.86;128.42681668580045;7;hourly;all_standard_blocks;119.39681668580045;137.45681668580045
2025-12-01 07:00:00+00:00;lear_model;"{""params_by_hour"": {""0"": {""alpha"": 7.0, ""regularization"": ""lasso"", ""target_transform"": ""raw""}, ""1"": {""alpha"": 7.0, ""regularization"": ""lasso"", ""target_transform"": ""raw""}, ""10"": {""alpha"": 3.0, ""regularization"": ""lasso"", ""target_transform"": ""raw""}, ""11"": {""alpha"": 5.0, ""regularization"": ""lasso"", ""target_transform"": ""raw""}, ""12"": {""alpha"": 3.0, ""regularization"": ""lasso"", ""target_transform"": ""raw""}, ""13"": {""alpha"": 5.0, ""regularization"": ""lasso"", ""target_transform"": ""raw""}, ""14"": {""alpha"": 7.0, ""regularization"": ""lasso"", ""target_transform"": ""raw""}, ""15"": {""alpha"": 7.0, ""regularization"": ""lasso"", ""target_transform"": ""raw""}, ""16"": {""alpha"": 7.0, ""regularization"": ""lasso"", ""target_transform"": ""raw""}, ""17"": {""alpha"": 10.0, ""regularization"": ""lasso"", ""target_transform"": ""raw""}, ""18"": {""alpha"": 7.0, ""regularization"": ""lasso"", ""target_transform"": ""raw""}, ""19"": {""alpha"": 7.0, ""regularization"": ""lasso"", ""target_transform"": ""raw""}, ""2"": {""alpha"": 0.1, ""regularization"": ""lasso"", ""target_transform"": ""raw""}, ""20"": {""alpha"": 7.0, ""regularization"": ""lasso"", ""target_transform"": ""raw""}, ""21"": {""alpha"": 7.0, ""regularization"": ""lasso"", ""target_transform"": ""raw""}, ""22"": {""alpha"": 5.0, ""regularization"": ""lasso"", ""target_transform"": ""raw""}, ""23"": {""alpha"": 5.0, ""regularization"": ""lasso"", ""target_transform"": ""raw""}, ""3"": {""alpha"": 0.3, ""regularization"": ""lasso"", ""target_transform"": ""raw""}, ""4"": {""alpha"": 3.0, ""regularization"": ""lasso"", ""target_transform"": ""raw""}, ""5"": {""alpha"": 3.0, ""regularization"": ""lasso"", ""target_transform"": ""raw""}, ""6"": {""alpha"": 5.0, ""regularization"": ""lasso"", ""target_transform"": ""raw""}, ""7"": {""alpha"": 7.0, ""regularization"": ""lasso"", ""target_transform"": ""raw""}, ""8"": {""alpha"": 7.0, ""regularization"": ""lasso"", ""target_transform"": ""raw""}, ""9"": {""alpha"": 3.0, ""regularization"": ""lasso"", ""target_transform"": ""raw""}}, ""regularization"": ""lasso"", ""target_transform"": ""raw""}";window_prediction;1;139.3325;132.744169717003;8;hourly;all_standard_blocks;123.71416971700299;141.774169717003
2025-12-01 08:00:00+00:00;lear_model;"{""params_by_hour"": {""0"": {""alpha"": 7.0, ""regularization"": ""lasso"", ""target_transform"": ""raw""}, ""1"": {""alpha"": 7.0, ""regularization"": ""lasso"", ""target_transform"": ""raw""}, ""10"": {""alpha"": 3.0, ""regularization"": ""lasso"", ""target_transform"": ""raw""}, ""11"": {""alpha"": 5.0, ""regularization"": ""lasso"", ""target_transform"": ""raw""}, ""12"": {""alpha"": 3.0, ""regularization"": ""lasso"", ""target_transform"": ""raw""}, ""13"": {""alpha"": 5.0, ""regularization"": ""lasso"", ""target_transform"": ""raw""}, ""14"": {""alpha"": 7.0, ""regularization"": ""lasso"", ""target_transform"": ""raw""}, ""15"": {""alpha"": 7.0, ""regularization"": ""lasso"", ""target_transform"": ""raw""}, ""16"": {""alpha"": 7.0, ""regularization"": ""lasso"", ""target_transform"": ""raw""}, ""17"": {""alpha"": 10.0, ""regularization"": ""lasso"", ""target_transform"": ""raw""}, ""18"": {""alpha"": 7.0, ""regularization"": ""lasso"", ""target_transform"": ""raw""}, ""19"": {""alpha"": 7.0, ""regularization"": ""lasso"", ""target_transform"": ""raw""}, ""2"": {""alpha"": 0.1, ""regularization"": ""lasso"", ""target_transform"": ""raw""}, ""20"": {""alpha"": 7.0, ""regularization"": ""lasso"", ""target_transform"": ""raw""}, ""21"": {""alpha"": 7.0, ""regularization"": ""lasso"", ""target_transform"": ""raw""}, ""22"": {""alpha"": 5.0, ""regularization"": ""lasso"", ""target_transform"": ""raw""}, ""23"": {""alpha"": 5.0, ""regularization"": ""lasso"", ""target_transform"": ""raw""}, ""3"": {""alpha"": 0.3, ""regularization"": ""lasso"", ""target_transform"": ""raw""}, ""4"": {""alpha"": 3.0, ""regularization"": ""lasso"", ""target_transform"": ""raw""}, ""5"": {""alpha"": 3.0, ""regularization"": ""lasso"", ""target_transform"": ""raw""}, ""6"": {""alpha"": 5.0, ""regularization"": ""lasso"", ""target_transform"": ""raw""}, ""7"": {""alpha"": 7.0, ""regularization"": ""lasso"", ""target_transform"": ""raw""}, ""8"": {""alpha"": 7.0, ""regularization"": ""lasso"", ""target_transform"": ""raw""}, ""9"": {""alpha"": 3.0, ""regularization"": ""lasso"", ""target_transform"": ""raw""}}, ""regularization"": ""lasso"", ""target_transform"": ""raw""}";window_prediction;1;105.095;119.55147295916338;9;hourly;all_standard_blocks;110.52147295916338;128.58147295916336
2025-12-01 09:00:00+00:00;lear_model;"{""params_by_hour"": {""0"": {""alpha"": 7.0, ""regularization"": ""lasso"", ""target_transform"": ""raw""}, ""1"": {""alpha"": 7.0, ""regularization"": ""lasso"", ""target_transform"": ""raw""}, ""10"": {""alpha"": 3.0, ""regularization"": ""lasso"", ""target_transform"": ""raw""}, ""11"": {""alpha"": 5.0, ""regularization"": ""lasso"", ""target_transform"": ""raw""}, ""12"": {""alpha"": 3.0, ""regularization"": ""lasso"", ""target_transform"": ""raw""}, ""13"": {""alpha"": 5.0, ""regularization"": ""lasso"", ""target_transform"": ""raw""}, ""14"": {""alpha"": 7.0, ""regularization"": ""lasso"", ""target_transform"": ""raw""}, ""15"": {""alpha"": 7.0, ""regularization"": ""lasso"", ""target_transform"": ""raw""}, ""16"": {""alpha"": 7.0, ""regularization"": ""lasso"", ""target_transform"": ""raw""}, ""17"": {""alpha"": 10.0, ""regularization"": ""lasso"", ""target_transform"": ""raw""}, ""18"": {""alpha"": 7.0, ""regularization"": ""lasso"", ""target_transform"": ""raw""}, ""19"": {""alpha"": 7.0, ""regularization"": ""lasso"", ""target_transform"": ""raw""}, ""2"": {""alpha"": 0.1, ""regularization"": ""lasso"", ""target_transform"": ""raw""}, ""20"": {""alpha"": 7.0, ""regularization"": ""lasso"", ""target_transform"": ""raw""}, ""21"": {""alpha"": 7.0, ""regularization"": ""lasso"", ""target_transform"": ""raw""}, ""22"": {""alpha"": 5.0, ""regularization"": ""lasso"", ""target_transform"": ""raw""}, ""23"": {""alpha"": 5.0, ""regularization"": ""lasso"", ""target_transform"": ""raw""}, ""3"": {""alpha"": 0.3, ""regularization"": ""lasso"", ""target_transform"": ""raw""}, ""4"": {""alpha"": 3.0, ""regularization"": ""lasso"", ""target_transform"": ""raw""}, ""5"": {""alpha"": 3.0, ""regularization"": ""lasso"", ""target_transform"": ""raw""}, ""6"": {""alpha"": 5.0, ""regularization"": ""lasso"", ""target_transform"": ""raw""}, ""7"": {""alpha"": 7.0, ""regularization"": ""lasso"", ""target_transform"": ""raw""}, ""8"": {""alpha"": 7.0, ""regularization"": ""lasso"", ""target_transform"": ""raw""}, ""9"": {""alpha"": 3.0, ""regularization"": ""lasso"", ""target_transform"": ""raw""}}, ""regularization"": ""lasso"", ""target_transform"": ""raw""}";window_prediction;1;93.7325;106.8902256687629;10;hourly;all_standard_blocks;97.8602256687629;115.9202256687629
2025-12-01 10:00:00+00:00;lear_model;"{""params_by_hour"": {""0"": {""alpha"": 7.0, ""regularization"": ""lasso"", ""target_transform"": ""raw""}, ""1"": {""alpha"": 7.0, ""regularization"": ""lasso"", ""target_transform"": ""raw""}, ""10"": {""alpha"": 3.0, ""regularization"": ""lasso"", ""target_transform"": ""raw""}, ""11"": {""alpha"": 5.0, ""regularization"": ""lasso"", ""target_transform"": ""raw""}, ""12"": {""alpha"": 3.0, ""regularization"": ""lasso"", ""target_transform"": ""raw""}, ""13"": {""alpha"": 5.0, ""regularization"": ""lasso"", ""target_transform"": ""raw""}, ""14"": {""alpha"": 7.0, ""regularization"": ""lasso"", ""target_transform"": ""raw""}, ""15"": {""alpha"": 7.0, ""regularization"": ""lasso"", ""target_transform"": ""raw""}, ""16"": {""alpha"": 7.0, ""regularization"": ""lasso"", ""target_transform"": ""raw""}, ""17"": {""alpha"": 10.0, ""regularization"": ""lasso"", ""target_transform"": ""raw""}, ""18"": {""alpha"": 7.0, ""regularization"": ""lasso"", ""target_transform"": ""raw""}, ""19"": {""alpha"": 7.0, ""regularization"": ""lasso"", ""target_transform"": ""raw""}, ""2"": {""alpha"": 0.1, ""regularization"": ""lasso"", ""target_transform"": ""raw""}, ""20"": {""alpha"": 7.0, ""regularization"": ""lasso"", ""target_transform"": ""raw""}, ""21"": {""alpha"": 7.0, ""regularization"": ""lasso"", ""target_transform"": ""raw""}, ""22"": {""alpha"": 5.0, ""regularization"": ""lasso"", ""target_transform"": ""raw""}, ""23"": {""alpha"": 5.0, ""regularization"": ""lasso"", ""target_transform"": ""raw""}, ""3"": {""alpha"": 0.3, ""regularization"": ""lasso"", ""target_transform"": ""raw""}, ""4"": {""alpha"": 3.0, ""regularization"": ""lasso"", ""target_transform"": ""raw""}, ""5"": {""alpha"": 3.0, ""regularization"": ""lasso"", ""target_transform"": ""raw""}, ""6"": {""alpha"": 5.0, ""regularization"": ""lasso"", ""target_transform"": ""raw""}, ""7"": {""alpha"": 7.0, ""regularization"": ""lasso"", ""target_transform"": ""raw""}, ""8"": {""alpha"": 7.0, ""regularization"": ""lasso"", ""target_transform"": ""raw""}, ""9"": {""alpha"": 3.0, ""regularization"": ""lasso"", ""target_transform"": ""raw""}}, ""regularization"": ""lasso"", ""target_transform"": ""raw""}";window_prediction;1;85.96;94.13006258402342;11;hourly;all_standard_blocks;85.10006258402342;103.16006258402342
2025-12-01 11:00:00+00:00;lear_model;"{""params_by_hour"": {""0"": {""alpha"": 7.0, ""regularization"": ""lasso"", ""target_transform"": ""raw""}, ""1"": {""alpha"": 7.0, ""regularization"": ""lasso"", ""target_transform"": ""raw""}, ""10"": {""alpha"": 3.0, ""regularization"": ""lasso"", ""target_transform"": ""raw""}, ""11"": {""alpha"": 5.0, ""regularization"": ""lasso"", ""target_transform"": ""raw""}, ""12"": {""alpha"": 3.0, ""regularization"": ""lasso"", ""target_transform"": ""raw""}, ""13"": {""alpha"": 5.0, ""regularization"": ""lasso"", ""target_transform"": ""raw""}, ""14"": {""alpha"": 7.0, ""regularization"": ""lasso"", ""target_transform"": ""raw""}, ""15"": {""alpha"": 7.0, ""regularization"": ""lasso"", ""target_transform"": ""raw""}, ""16"": {""alpha"": 7.0, ""regularization"": ""lasso"", ""target_transform"": ""raw""}, ""17"": {""alpha"": 10.0, ""regularization"": ""lasso"", ""target_transform"": ""raw""}, ""18"": {""alpha"": 7.0, ""regularization"": ""lasso"", ""target_transform"": ""raw""}, ""19"": {""alpha"": 7.0, ""regularization"": ""lasso"", ""target_transform"": ""raw""}, ""2"": {""alpha"": 0.1, ""regularization"": ""lasso"", ""target_transform"": ""raw""}, ""20"": {""alpha"": 7.0, ""regularization"": ""lasso"", ""target_transform"": ""raw""}, ""21"": {""alpha"": 7.0, ""regularization"": ""lasso"", ""target_transform"": ""raw""}, ""22"": {""alpha"": 5.0, ""regularization"": ""lasso"", ""target_transform"": ""raw""}, ""23"": {""alpha"": 5.0, ""regularization"": ""lasso"", ""target_transform"": ""raw""}, ""3"": {""alpha"": 0.3, ""regularization"": ""lasso"", ""target_transform"": ""raw""}, ""4"": {""alpha"": 3.0, ""regularization"": ""lasso"", ""target_transform"": ""raw""}, ""5"": {""alpha"": 3.0, ""regularization"": ""lasso"", ""target_transform"": ""raw""}, ""6"": {""alpha"": 5.0, ""regularization"": ""lasso"", ""target_transform"": ""raw""}, ""7"": {""alpha"": 7.0, ""regularization"": ""lasso"", ""target_transform"": ""raw""}, ""8"": {""alpha"": 7.0, ""regularization"": ""lasso"", ""target_transform"": ""raw""}, ""9"": {""alpha"": 3.0, ""regularization"": ""lasso"", ""target_transform"": ""raw""}}, ""regularization"": ""lasso"", ""target_transform"": ""raw""}";window_prediction;1;85.01750000000001;95.28390613429904;12;hourly;all_standard_blocks;86.25390613429904;104.31390613429905
2025-12-01 12:00:00+00:00;lear_model;"{""params_by_hour"": {""0"": {""alpha"": 7.0, ""regularization"": ""lasso"", ""target_transform"": ""raw""}, ""1"": {""alpha"": 7.0, ""regularization"": ""lasso"", ""target_transform"": ""raw""}, ""10"": {""alpha"": 3.0, ""regularization"": ""lasso"", ""target_transform"": ""raw""}, ""11"": {""alpha"": 5.0, ""regularization"": ""lasso"", ""target_transform"": ""raw""}, ""12"": {""alpha"": 3.0, ""regularization"": ""lasso"", ""target_transform"": ""raw""}, ""13"": {""alpha"": 5.0, ""regularization"": ""lasso"", ""target_transform"": ""raw""}, ""14"": {""alpha"": 7.0, ""regularization"": ""lasso"", ""target_transform"": ""raw""}, ""15"": {""alpha"": 7.0, ""regularization"": ""lasso"", ""target_transform"": ""raw""}, ""16"": {""alpha"": 7.0, ""regularization"": ""lasso"", ""target_transform"": ""raw""}, ""17"": {""alpha"": 10.0, ""regularization"": ""lasso"", ""target_transform"": ""raw""}, ""18"": {""alpha"": 7.0, ""regularization"": ""lasso"", ""target_transform"": ""raw""}, ""19"": {""alpha"": 7.0, ""regularization"": ""lasso"", ""target_transform"": ""raw""}, ""2"": {""alpha"": 0.1, ""regularization"": ""lasso"", ""target_transform"": ""raw""}, ""20"": {""alpha"": 7.0, ""regularization"": ""lasso"", ""target_transform"": ""raw""}, ""21"": {""alpha"": 7.0, ""regularization"": ""lasso"", ""target_transform"": ""raw""}, ""22"": {""alpha"": 5.0, ""regularization"": ""lasso"", ""target_transform"": ""raw""}, ""23"": {""alpha"": 5.0, ""regularization"": ""lasso"", ""target_transform"": ""raw""}, ""3"": {""alpha"": 0.3, ""regularization"": ""lasso"", ""target_transform"": ""raw""}, ""4"": {""alpha"": 3.0, ""regularization"": ""lasso"", ""target_transform"": ""raw""}, ""5"": {""alpha"": 3.0, ""regularization"": ""lasso"", ""target_transform"": ""raw""}, ""6"": {""alpha"": 5.0, ""regularization"": ""lasso"", ""target_transform"": ""raw""}, ""7"": {""alpha"": 7.0, ""regularization"": ""lasso"", ""target_transform"": ""raw""}, ""8"": {""alpha"": 7.0, ""regularization"": ""lasso"", ""target_transform"": ""raw""}, ""9"": {""alpha"": 3.0, ""regularization"": ""lasso"", ""target_transform"": ""raw""}}, ""regularization"": ""lasso"", ""target_transform"": ""raw""}";window_prediction;1;90.07;93.2755279062262;13;hourly;all_standard_blocks;84.2455279062262;102.3055279062262
2025-12-01 13:00:00+00:00;lear_model;"{""params_by_hour"": {""0"": {""alpha"": 7.0, ""regularization"": ""lasso"", ""target_transform"": ""raw""}, ""1"": {""alpha"": 7.0, ""regularization"": ""lasso"", ""target_transform"": ""raw""}, ""10"": {""alpha"": 3.0, ""regularization"": ""lasso"", ""target_transform"": ""raw""}, ""11"": {""alpha"": 5.0, ""regularization"": ""lasso"", ""target_transform"": ""raw""}, ""12"": {""alpha"": 3.0, ""regularization"": ""lasso"", ""target_transform"": ""raw""}, ""13"": {""alpha"": 5.0, ""regularization"": ""lasso"", ""target_transform"": ""raw""}, ""14"": {""alpha"": 7.0, ""regularization"": ""lasso"", ""target_transform"": ""raw""}, ""15"": {""alpha"": 7.0, ""regularization"": ""lasso"", ""target_transform"": ""raw""}, ""16"": {""alpha"": 7.0, ""regularization"": ""lasso"", ""target_transform"": ""raw""}, ""17"": {""alpha"": 10.0, ""regularization"": ""lasso"", ""target_transform"": ""raw""}, ""18"": {""alpha"": 7.0, ""regularization"": ""lasso"", ""target_transform"": ""raw""}, ""19"": {""alpha"": 7.0, ""regularization"": ""lasso"", ""target_transform"": ""raw""}, ""2"": {""alpha"": 0.1, ""regularization"": ""lasso"", ""target_transform"": ""raw""}, ""20"": {""alpha"": 7.0, ""regularization"": ""lasso"", ""target_transform"": ""raw""}, ""21"": {""alpha"": 7.0, ""regularization"": ""lasso"", ""target_transform"": ""raw""}, ""22"": {""alpha"": 5.0, ""regularization"": ""lasso"", ""target_transform"": ""raw""}, ""23"": {""alpha"": 5.0, ""regularization"": ""lasso"", ""target_transform"": ""raw""}, ""3"": {""alpha"": 0.3, ""regularization"": ""lasso"", ""target_transform"": ""raw""}, ""4"": {""alpha"": 3.0, ""regularization"": ""lasso"", ""target_transform"": ""raw""}, ""5"": {""alpha"": 3.0, ""regularization"": ""lasso"", ""target_transform"": ""raw""}, ""6"": {""alpha"": 5.0, ""regularization"": ""lasso"", ""target_transform"": ""raw""}, ""7"": {""alpha"": 7.0, ""regularization"": ""lasso"", ""target_transform"": ""raw""}, ""8"": {""alpha"": 7.0, ""regularization"": ""lasso"", ""target_transform"": ""raw""}, ""9"": {""alpha"": 3.0, ""regularization"": ""lasso"", ""target_transform"": ""raw""}}, ""regularization"": ""lasso"", ""target_transform"": ""raw""}";window_prediction;1;107.2175;94.93311903410785;14;hourly;all_standard_blocks;85.90311903410785;103.96311903410785
2025-12-01 14:00:00+00:00;lear_model;"{""params_by_hour"": {""0"": {""alpha"": 7.0, ""regularization"": ""lasso"", ""target_transform"": ""raw""}, ""1"": {""alpha"": 7.0, ""regularization"": ""lasso"", ""target_transform"": ""raw""}, ""10"": {""alpha"": 3.0, ""regularization"": ""lasso"", ""target_transform"": ""raw""}, ""11"": {""alpha"": 5.0, ""regularization"": ""lasso"", ""target_transform"": ""raw""}, ""12"": {""alpha"": 3.0, ""regularization"": ""lasso"", ""target_transform"": ""raw""}, ""13"": {""alpha"": 5.0, ""regularization"": ""lasso"", ""target_transform"": ""raw""}, ""14"": {""alpha"": 7.0, ""regularization"": ""lasso"", ""target_transform"": ""raw""}, ""15"": {""alpha"": 7.0, ""regularization"": ""lasso"", ""target_transform"": ""raw""}, ""16"": {""alpha"": 7.0, ""regularization"": ""lasso"", ""target_transform"": ""raw""}, ""17"": {""alpha"": 10.0, ""regularization"": ""lasso"", ""target_transform"": ""raw""}, ""18"": {""alpha"": 7.0, ""regularization"": ""lasso"", ""target_transform"": ""raw""}, ""19"": {""alpha"": 7.0, ""regularization"": ""lasso"", ""target_transform"": ""raw""}, ""2"": {""alpha"": 0.1, ""regularization"": ""lasso"", ""target_transform"": ""raw""}, ""20"": {""alpha"": 7.0, ""regularization"": ""lasso"", ""target_transform"": ""raw""}, ""21"": {""alpha"": 7.0, ""regularization"": ""lasso"", ""target_transform"": ""raw""}, ""22"": {""alpha"": 5.0, ""regularization"": ""lasso"", ""target_transform"": ""raw""}, ""23"": {""alpha"": 5.0, ""regularization"": ""lasso"", ""target_transform"": ""raw""}, ""3"": {""alpha"": 0.3, ""regularization"": ""lasso"", ""target_transform"": ""raw""}, ""4"": {""alpha"": 3.0, ""regularization"": ""lasso"", ""target_transform"": ""raw""}, ""5"": {""alpha"": 3.0, ""regularization"": ""lasso"", ""target_transform"": ""raw""}, ""6"": {""alpha"": 5.0, ""regularization"": ""lasso"", ""target_transform"": ""raw""}, ""7"": {""alpha"": 7.0, ""regularization"": ""lasso"", ""target_transform"": ""raw""}, ""8"": {""alpha"": 7.0, ""regularization"": ""lasso"", ""target_transform"": ""raw""}, ""9"": {""alpha"": 3.0, ""regularization"": ""lasso"", ""target_transform"": ""raw""}}, ""regularization"": ""lasso"", ""target_transform"": ""raw""}";window_prediction;1;120.3225;105.17217004598876;15;hourly;all_standard_blocks;96.14217004598876;114.20217004598877
2025-12-01 15:00:00+00:00;lear_model;"{""params_by_hour"": {""0"": {""alpha"": 7.0, ""regularization"": ""lasso"", ""target_transform"": ""raw""}, ""1"": {""alpha"": 7.0, ""regularization"": ""lasso"", ""target_transform"": ""raw""}, ""10"": {""alpha"": 3.0, ""regularization"": ""lasso"", ""target_transform"": ""raw""}, ""11"": {""alpha"": 5.0, ""regularization"": ""lasso"", ""target_transform"": ""raw""}, ""12"": {""alpha"": 3.0, ""regularization"": ""lasso"", ""target_transform"": ""raw""}, ""13"": {""alpha"": 5.0, ""regularization"": ""lasso"", ""target_transform"": ""raw""}, ""14"": {""alpha"": 7.0, ""regularization"": ""lasso"", ""target_transform"": ""raw""}, ""15"": {""alpha"": 7.0, ""regularization"": ""lasso"", ""target_transform"": ""raw""}, ""16"": {""alpha"": 7.0, ""regularization"": ""lasso"", ""target_transform"": ""raw""}, ""17"": {""alpha"": 10.0, ""regularization"": ""lasso"", ""target_transform"": ""raw""}, ""18"": {""alpha"": 7.0, ""regularization"": ""lasso"", ""target_transform"": ""raw""}, ""19"": {""alpha"": 7.0, ""regularization"": ""lasso"", ""target_transform"": ""raw""}, ""2"": {""alpha"": 0.1, ""regularization"": ""lasso"", ""target_transform"": ""raw""}, ""20"": {""alpha"": 7.0, ""regularization"": ""lasso"", ""target_transform"": ""raw""}, ""21"": {""alpha"": 7.0, ""regularization"": ""lasso"", ""target_transform"": ""raw""}, ""22"": {""alpha"": 5.0, ""regularization"": ""lasso"", ""target_transform"": ""raw""}, ""23"": {""alpha"": 5.0, ""regularization"": ""lasso"", ""target_transform"": ""raw""}, ""3"": {""alpha"": 0.3, ""regularization"": ""lasso"", ""target_transform"": ""raw""}, ""4"": {""alpha"": 3.0, ""regularization"": ""lasso"", ""target_transform"": ""raw""}, ""5"": {""alpha"": 3.0, ""regularization"": ""lasso"", ""target_transform"": ""raw""}, ""6"": {""alpha"": 5.0, ""regularization"": ""lasso"", ""target_transform"": ""raw""}, ""7"": {""alpha"": 7.0, ""regularization"": ""lasso"", ""target_transform"": ""raw""}, ""8"": {""alpha"": 7.0, ""regularization"": ""lasso"", ""target_transform"": ""raw""}, ""9"": {""alpha"": 3.0, ""regularization"": ""lasso"", ""target_transform"": ""raw""}}, ""regularization"": ""lasso"", ""target_transform"": ""raw""}";window_prediction;1;112.965;108.86672440626188;16;hourly;all_standard_blocks;99.83672440626188;117.89672440626188
2025-12-01 16:00:00+00:00;lear_model;"{""params_by_hour"": {""0"": {""alpha"": 7.0, ""regularization"": ""lasso"", ""target_transform"": ""raw""}, ""1"": {""alpha"": 7.0, ""regularization"": ""lasso"", ""target_transform"": ""raw""}, ""10"": {""alpha"": 3.0, ""regularization"": ""lasso"", ""target_transform"": ""raw""}, ""11"": {""alpha"": 5.0, ""regularization"": ""lasso"", ""target_transform"": ""raw""}, ""12"": {""alpha"": 3.0, ""regularization"": ""lasso"", ""target_transform"": ""raw""}, ""13"": {""alpha"": 5.0, ""regularization"": ""lasso"", ""target_transform"": ""raw""}, ""14"": {""alpha"": 7.0, ""regularization"": ""lasso"", ""target_transform"": ""raw""}, ""15"": {""alpha"": 7.0, ""regularization"": ""lasso"", ""target_transform"": ""raw""}, ""16"": {""alpha"": 7.0, ""regularization"": ""lasso"", ""target_transform"": ""raw""}, ""17"": {""alpha"": 10.0, ""regularization"": ""lasso"", ""target_transform"": ""raw""}, ""18"": {""alpha"": 7.0, ""regularization"": ""lasso"", ""target_transform"": ""raw""}, ""19"": {""alpha"": 7.0, ""regularization"": ""lasso"", ""target_transform"": ""raw""}, ""2"": {""alpha"": 0.1, ""regularization"": ""lasso"", ""target_transform"": ""raw""}, ""20"": {""alpha"": 7.0, ""regularization"": ""lasso"", ""target_transform"": ""raw""}, ""21"": {""alpha"": 7.0, ""regularization"": ""lasso"", ""target_transform"": ""raw""}, ""22"": {""alpha"": 5.0, ""regularization"": ""lasso"", ""target_transform"": ""raw""}, ""23"": {""alpha"": 5.0, ""regularization"": ""lasso"", ""target_transform"": ""raw""}, ""3"": {""alpha"": 0.3, ""regularization"": ""lasso"", ""target_transform"": ""raw""}, ""4"": {""alpha"": 3.0, ""regularization"": ""lasso"", ""target_transform"": ""raw""}, ""5"": {""alpha"": 3.0, ""regularization"": ""lasso"", ""target_transform"": ""raw""}, ""6"": {""alpha"": 5.0, ""regularization"": ""lasso"", ""target_transform"": ""raw""}, ""7"": {""alpha"": 7.0, ""regularization"": ""lasso"", ""target_transform"": ""raw""}, ""8"": {""alpha"": 7.0, ""regularization"": ""lasso"", ""target_transform"": ""raw""}, ""9"": {""alpha"": 3.0, ""regularization"": ""lasso"", ""target_transform"": ""raw""}}, ""regularization"": ""lasso"", ""target_transform"": ""raw""}";window_prediction;1;94.4125;111.88289768541388;17;hourly;all_standard_blocks;102.85289768541388;120.91289768541388
2025-12-01 17:00:00+00:00;lear_model;"{""params_by_hour"": {""0"": {""alpha"": 7.0, ""regularization"": ""lasso"", ""target_transform"": ""raw""}, ""1"": {""alpha"": 7.0, ""regularization"": ""lasso"", ""target_transform"": ""raw""}, ""10"": {""alpha"": 3.0, ""regularization"": ""lasso"", ""target_transform"": ""raw""}, ""11"": {""alpha"": 5.0, ""regularization"": ""lasso"", ""target_transform"": ""raw""}, ""12"": {""alpha"": 3.0, ""regularization"": ""lasso"", ""target_transform"": ""raw""}, ""13"": {""alpha"": 5.0, ""regularization"": ""lasso"", ""target_transform"": ""raw""}, ""14"": {""alpha"": 7.0, ""regularization"": ""lasso"", ""target_transform"": ""raw""}, ""15"": {""alpha"": 7.0, ""regularization"": ""lasso"", ""target_transform"": ""raw""}, ""16"": {""alpha"": 7.0, ""regularization"": ""lasso"", ""target_transform"": ""raw""}, ""17"": {""alpha"": 10.0, ""regularization"": ""lasso"", ""target_transform"": ""raw""}, ""18"": {""alpha"": 7.0, ""regularization"": ""lasso"", ""target_transform"": ""raw""}, ""19"": {""alpha"": 7.0, ""regularization"": ""lasso"", ""target_transform"": ""raw""}, ""2"": {""alpha"": 0.1, ""regularization"": ""lasso"", ""target_transform"": ""raw""}, ""20"": {""alpha"": 7.0, ""regularization"": ""lasso"", ""target_transform"": ""raw""}, ""21"": {""alpha"": 7.0, ""regularization"": ""lasso"", ""target_transform"": ""raw""}, ""22"": {""alpha"": 5.0, ""regularization"": ""lasso"", ""target_transform"": ""raw""}, ""23"": {""alpha"": 5.0, ""regularization"": ""lasso"", ""target_transform"": ""raw""}, ""3"": {""alpha"": 0.3, ""regularization"": ""lasso"", ""target_transform"": ""raw""}, ""4"": {""alpha"": 3.0, ""regularization"": ""lasso"", ""target_transform"": ""raw""}, ""5"": {""alpha"": 3.0, ""regularization"": ""lasso"", ""target_transform"": ""raw""}, ""6"": {""alpha"": 5.0, ""regularization"": ""lasso"", ""target_transform"": ""raw""}, ""7"": {""alpha"": 7.0, ""regularization"": ""lasso"", ""target_transform"": ""raw""}, ""8"": {""alpha"": 7.0, ""regularization"": ""lasso"", ""target_transform"": ""raw""}, ""9"": {""alpha"": 3.0, ""regularization"": ""lasso"", ""target_transform"": ""raw""}}, ""regularization"": ""lasso"", ""target_transform"": ""raw""}";window_prediction;1;88.9925;114.89129171575232;18;hourly;all_standard_blocks;105.86129171575232;123.92129171575232
2025-12-01 18:00:00+00:00;lear_model;"{""params_by_hour"": {""0"": {""alpha"": 7.0, ""regularization"": ""lasso"", ""target_transform"": ""raw""}, ""1"": {""alpha"": 7.0, ""regularization"": ""lasso"", ""target_transform"": ""raw""}, ""10"": {""alpha"": 3.0, ""regularization"": ""lasso"", ""target_transform"": ""raw""}, ""11"": {""alpha"": 5.0, ""regularization"": ""lasso"", ""target_transform"": ""raw""}, ""12"": {""alpha"": 3.0, ""regularization"": ""lasso"", ""target_transform"": ""raw""}, ""13"": {""alpha"": 5.0, ""regularization"": ""lasso"", ""target_transform"": ""raw""}, ""14"": {""alpha"": 7.0, ""regularization"": ""lasso"", ""target_transform"": ""raw""}, ""15"": {""alpha"": 7.0, ""regularization"": ""lasso"", ""target_transform"": ""raw""}, ""16"": {""alpha"": 7.0, ""regularization"": ""lasso"", ""target_transform"": ""raw""}, ""17"": {""alpha"": 10.0, ""regularization"": ""lasso"", ""target_transform"": ""raw""}, ""18"": {""alpha"": 7.0, ""regularization"": ""lasso"", ""target_transform"": ""raw""}, ""19"": {""alpha"": 7.0, ""regularization"": ""lasso"", ""target_transform"": ""raw""}, ""2"": {""alpha"": 0.1, ""regularization"": ""lasso"", ""target_transform"": ""raw""}, ""20"": {""alpha"": 7.0, ""regularization"": ""lasso"", ""target_transform"": ""raw""}, ""21"": {""alpha"": 7.0, ""regularization"": ""lasso"", ""target_transform"": ""raw""}, ""22"": {""alpha"": 5.0, ""regularization"": ""lasso"", ""target_transform"": ""raw""}, ""23"": {""alpha"": 5.0, ""regularization"": ""lasso"", ""target_transform"": ""raw""}, ""3"": {""alpha"": 0.3, ""regularization"": ""lasso"", ""target_transform"": ""raw""}, ""4"": {""alpha"": 3.0, ""regularization"": ""lasso"", ""target_transform"": ""raw""}, ""5"": {""alpha"": 3.0, ""regularization"": ""lasso"", ""target_transform"": ""raw""}, ""6"": {""alpha"": 5.0, ""regularization"": ""lasso"", ""target_transform"": ""raw""}, ""7"": {""alpha"": 7.0, ""regularization"": ""lasso"", ""target_transform"": ""raw""}, ""8"": {""alpha"": 7.0, ""regularization"": ""lasso"", ""target_transform"": ""raw""}, ""9"": {""alpha"": 3.0, ""regularization"": ""lasso"", ""target_transform"": ""raw""}}, ""regularization"": ""lasso"", ""target_transform"": ""raw""}";window_prediction;1;86.7675;108.19349126840224;19;hourly;all_standard_blocks;99.16349126840224;117.22349126840224
2025-12-01 19:00:00+00:00;lear_model;"{""params_by_hour"": {""0"": {""alpha"": 7.0, ""regularization"": ""lasso"", ""target_transform"": ""raw""}, ""1"": {""alpha"": 7.0, ""regularization"": ""lasso"", ""target_transform"": ""raw""}, ""10"": {""alpha"": 3.0, ""regularization"": ""lasso"", ""target_transform"": ""raw""}, ""11"": {""alpha"": 5.0, ""regularization"": ""lasso"", ""target_transform"": ""raw""}, ""12"": {""alpha"": 3.0, ""regularization"": ""lasso"", ""target_transform"": ""raw""}, ""13"": {""alpha"": 5.0, ""regularization"": ""lasso"", ""target_transform"": ""raw""}, ""14"": {""alpha"": 7.0, ""regularization"": ""lasso"", ""target_transform"": ""raw""}, ""15"": {""alpha"": 7.0, ""regularization"": ""lasso"", ""target_transform"": ""raw""}, ""16"": {""alpha"": 7.0, ""regularization"": ""lasso"", ""target_transform"": ""raw""}, ""17"": {""alpha"": 10.0, ""regularization"": ""lasso"", ""target_transform"": ""raw""}, ""18"": {""alpha"": 7.0, ""regularization"": ""lasso"", ""target_transform"": ""raw""}, ""19"": {""alpha"": 7.0, ""regularization"": ""lasso"", ""target_transform"": ""raw""}, ""2"": {""alpha"": 0.1, ""regularization"": ""lasso"", ""target_transform"": ""raw""}, ""20"": {""alpha"": 7.0, ""regularization"": ""lasso"", ""target_transform"": ""raw""}, ""21"": {""alpha"": 7.0, ""regularization"": ""lasso"", ""target_transform"": ""raw""}, ""22"": {""alpha"": 5.0, ""regularization"": ""lasso"", ""target_transform"": ""raw""}, ""23"": {""alpha"": 5.0, ""regularization"": ""lasso"", ""target_transform"": ""raw""}, ""3"": {""alpha"": 0.3, ""regularization"": ""lasso"", ""target_transform"": ""raw""}, ""4"": {""alpha"": 3.0, ""regularization"": ""lasso"", ""target_transform"": ""raw""}, ""5"": {""alpha"": 3.0, ""regularization"": ""lasso"", ""target_transform"": ""raw""}, ""6"": {""alpha"": 5.0, ""regularization"": ""lasso"", ""target_transform"": ""raw""}, ""7"": {""alpha"": 7.0, ""regularization"": ""lasso"", ""target_transform"": ""raw""}, ""8"": {""alpha"": 7.0, ""regularization"": ""lasso"", ""target_transform"": ""raw""}, ""9"": {""alpha"": 3.0, ""regularization"": ""lasso"", ""target_transform"": ""raw""}}, ""regularization"": ""lasso"", ""target_transform"": ""raw""}";window_prediction;1;82.3;92.14044481620178;20;hourly;all_standard_blocks;83.11044481620178;101.17044481620178
2025-12-01 20:00:00+00:00;lear_model;"{""params_by_hour"": {""0"": {""alpha"": 7.0, ""regularization"": ""lasso"", ""target_transform"": ""raw""}, ""1"": {""alpha"": 7.0, ""regularization"": ""lasso"", ""target_transform"": ""raw""}, ""10"": {""alpha"": 3.0, ""regularization"": ""lasso"", ""target_transform"": ""raw""}, ""11"": {""alpha"": 5.0, ""regularization"": ""lasso"", ""target_transform"": ""raw""}, ""12"": {""alpha"": 3.0, ""regularization"": ""lasso"", ""target_transform"": ""raw""}, ""13"": {""alpha"": 5.0, ""regularization"": ""lasso"", ""target_transform"": ""raw""}, ""14"": {""alpha"": 7.0, ""regularization"": ""lasso"", ""target_transform"": ""raw""}, ""15"": {""alpha"": 7.0, ""regularization"": ""lasso"", ""target_transform"": ""raw""}, ""16"": {""alpha"": 7.0, ""regularization"": ""lasso"", ""target_transform"": ""raw""}, ""17"": {""alpha"": 10.0, ""regularization"": ""lasso"", ""target_transform"": ""raw""}, ""18"": {""alpha"": 7.0, ""regularization"": ""lasso"", ""target_transform"": ""raw""}, ""19"": {""alpha"": 7.0, ""regularization"": ""lasso"", ""target_transform"": ""raw""}, ""2"": {""alpha"": 0.1, ""regularization"": ""lasso"", ""target_transform"": ""raw""}, ""20"": {""alpha"": 7.0, ""regularization"": ""lasso"", ""target_transform"": ""raw""}, ""21"": {""alpha"": 7.0, ""regularization"": ""lasso"", ""target_transform"": ""raw""}, ""22"": {""alpha"": 5.0, ""regularization"": ""lasso"", ""target_transform"": ""raw""}, ""23"": {""alpha"": 5.0, ""regularization"": ""lasso"", ""target_transform"": ""raw""}, ""3"": {""alpha"": 0.3, ""regularization"": ""lasso"", ""target_transform"": ""raw""}, ""4"": {""alpha"": 3.0, ""regularization"": ""lasso"", ""target_transform"": ""raw""}, ""5"": {""alpha"": 3.0, ""regularization"": ""lasso"", ""target_transform"": ""raw""}, ""6"": {""alpha"": 5.0, ""regularization"": ""lasso"", ""target_transform"": ""raw""}, ""7"": {""alpha"": 7.0, ""regularization"": ""lasso"", ""target_transform"": ""raw""}, ""8"": {""alpha"": 7.0, ""regularization"": ""lasso"", ""target_transform"": ""raw""}, ""9"": {""alpha"": 3.0, ""regularization"": ""lasso"", ""target_transform"": ""raw""}}, ""regularization"": ""lasso"", ""target_transform"": ""raw""}";window_prediction;1;75.95;84.51048559249114;21;hourly;all_standard_blocks;75.48048559249114;93.54048559249114
2025-12-01 21:00:00+00:00;lear_model;"{""params_by_hour"": {""0"": {""alpha"": 7.0, ""regularization"": ""lasso"", ""target_transform"": ""raw""}, ""1"": {""alpha"": 7.0, ""regularization"": ""lasso"", ""target_transform"": ""raw""}, ""10"": {""alpha"": 3.0, ""regularization"": ""lasso"", ""target_transform"": ""raw""}, ""11"": {""alpha"": 5.0, ""regularization"": ""lasso"", ""target_transform"": ""raw""}, ""12"": {""alpha"": 3.0, ""regularization"": ""lasso"", ""target_transform"": ""raw""}, ""13"": {""alpha"": 5.0, ""regularization"": ""lasso"", ""target_transform"": ""raw""}, ""14"": {""alpha"": 7.0, ""regularization"": ""lasso"", ""target_transform"": ""raw""}, ""15"": {""alpha"": 7.0, ""regularization"": ""lasso"", ""target_transform"": ""raw""}, ""16"": {""alpha"": 7.0, ""regularization"": ""lasso"", ""target_transform"": ""raw""}, ""17"": {""alpha"": 10.0, ""regularization"": ""lasso"", ""target_transform"": ""raw""}, ""18"": {""alpha"": 7.0, ""regularization"": ""lasso"", ""target_transform"": ""raw""}, ""19"": {""alpha"": 7.0, ""regularization"": ""lasso"", ""target_transform"": ""raw""}, ""2"": {""alpha"": 0.1, ""regularization"": ""lasso"", ""target_transform"": ""raw""}, ""20"": {""alpha"": 7.0, ""regularization"": ""lasso"", ""target_transform"": ""raw""}, ""21"": {""alpha"": 7.0, ""regularization"": ""lasso"", ""target_transform"": ""raw""}, ""22"": {""alpha"": 5.0, ""regularization"": ""lasso"", ""target_transform"": ""raw""}, ""23"": {""alpha"": 5.0, ""regularization"": ""lasso"", ""target_transform"": ""raw""}, ""3"": {""alpha"": 0.3, ""regularization"": ""lasso"", ""target_transform"": ""raw""}, ""4"": {""alpha"": 3.0, ""regularization"": ""lasso"", ""target_transform"": ""raw""}, ""5"": {""alpha"": 3.0, ""regularization"": ""lasso"", ""target_transform"": ""raw""}, ""6"": {""alpha"": 5.0, ""regularization"": ""lasso"", ""target_transform"": ""raw""}, ""7"": {""alpha"": 7.0, ""regularization"": ""lasso"", ""target_transform"": ""raw""}, ""8"": {""alpha"": 7.0, ""regularization"": ""lasso"", ""target_transform"": ""raw""}, ""9"": {""alpha"": 3.0, ""regularization"": ""lasso"", ""target_transform"": ""raw""}}, ""regularization"": ""lasso"", ""target_transform"": ""raw""}";window_prediction;1;76.43;79.43657765495094;22;hourly;all_standard_blocks;70.40657765495094;88.46657765495094
2025-12-01 22:00:00+00:00;lear_model;"{""params_by_hour"": {""0"": {""alpha"": 7.0, ""regularization"": ""lasso"", ""target_transform"": ""raw""}, ""1"": {""alpha"": 7.0, ""regularization"": ""lasso"", ""target_transform"": ""raw""}, ""10"": {""alpha"": 3.0, ""regularization"": ""lasso"", ""target_transform"": ""raw""}, ""11"": {""alpha"": 5.0, ""regularization"": ""lasso"", ""target_transform"": ""raw""}, ""12"": {""alpha"": 3.0, ""regularization"": ""lasso"", ""target_transform"": ""raw""}, ""13"": {""alpha"": 5.0, ""regularization"": ""lasso"", ""target_transform"": ""raw""}, ""14"": {""alpha"": 7.0, ""regularization"": ""lasso"", ""target_transform"": ""raw""}, ""15"": {""alpha"": 7.0, ""regularization"": ""lasso"", ""target_transform"": ""raw""}, ""16"": {""alpha"": 7.0, ""regularization"": ""lasso"", ""target_transform"": ""raw""}, ""17"": {""alpha"": 10.0, ""regularization"": ""lasso"", ""target_transform"": ""raw""}, ""18"": {""alpha"": 7.0, ""regularization"": ""lasso"", ""target_transform"": ""raw""}, ""19"": {""alpha"": 7.0, ""regularization"": ""lasso"", ""target_transform"": ""raw""}, ""2"": {""alpha"": 0.1, ""regularization"": ""lasso"", ""target_transform"": ""raw""}, ""20"": {""alpha"": 7.0, ""regularization"": ""lasso"", ""target_transform"": ""raw""}, ""21"": {""alpha"": 7.0, ""regularization"": ""lasso"", ""target_transform"": ""raw""}, ""22"": {""alpha"": 5.0, ""regularization"": ""lasso"", ""target_transform"": ""raw""}, ""23"": {""alpha"": 5.0, ""regularization"": ""lasso"", ""target_transform"": ""raw""}, ""3"": {""alpha"": 0.3, ""regularization"": ""lasso"", ""target_transform"": ""raw""}, ""4"": {""alpha"": 3.0, ""regularization"": ""lasso"", ""target_transform"": ""raw""}, ""5"": {""alpha"": 3.0, ""regularization"": ""lasso"", ""target_transform"": ""raw""}, ""6"": {""alpha"": 5.0, ""regularization"": ""lasso"", ""target_transform"": ""raw""}, ""7"": {""alpha"": 7.0, ""regularization"": ""lasso"", ""target_transform"": ""raw""}, ""8"": {""alpha"": 7.0, ""regularization"": ""lasso"", ""target_transform"": ""raw""}, ""9"": {""alpha"": 3.0, ""regularization"": ""lasso"", ""target_transform"": ""raw""}}, ""regularization"": ""lasso"", ""target_transform"": ""raw""}";window_prediction;1;71.80250000000001;68.7609963222883;23;hourly;all_standard_blocks;59.730996322288306;77.79099632228831
2025-12-01 23:00:00+00:00;lear_model;"{""params_by_hour"": {""0"": {""alpha"": 7.0, ""regularization"": ""lasso"", ""target_transform"": ""raw""}, ""1"": {""alpha"": 7.0, ""regularization"": ""lasso"", ""target_transform"": ""raw""}, ""10"": {""alpha"": 3.0, ""regularization"": ""lasso"", ""target_transform"": ""raw""}, ""11"": {""alpha"": 5.0, ""regularization"": ""lasso"", ""target_transform"": ""raw""}, ""12"": {""alpha"": 3.0, ""regularization"": ""lasso"", ""target_transform"": ""raw""}, ""13"": {""alpha"": 5.0, ""regularization"": ""lasso"", ""target_transform"": ""raw""}, ""14"": {""alpha"": 7.0, ""regularization"": ""lasso"", ""target_transform"": ""raw""}, ""15"": {""alpha"": 7.0, ""regularization"": ""lasso"", ""target_transform"": ""raw""}, ""16"": {""alpha"": 7.0, ""regularization"": ""lasso"", ""target_transform"": ""raw""}, ""17"": {""alpha"": 10.0, ""regularization"": ""lasso"", ""target_transform"": ""raw""}, ""18"": {""alpha"": 7.0, ""regularization"": ""lasso"", ""target_transform"": ""raw""}, ""19"": {""alpha"": 7.0, ""regularization"": ""lasso"", ""target_transform"": ""raw""}, ""2"": {""alpha"": 0.1, ""regularization"": ""lasso"", ""target_transform"": ""raw""}, ""20"": {""alpha"": 7.0, ""regularization"": ""lasso"", ""target_transform"": ""raw""}, ""21"": {""alpha"": 7.0, ""regularization"": ""lasso"", ""target_transform"": ""raw""}, ""22"": {""alpha"": 5.0, ""regularization"": ""lasso"", ""target_transform"": ""raw""}, ""23"": {""alpha"": 5.0, ""regularization"": ""lasso"", ""target_transform"": ""raw""}, ""3"": {""alpha"": 0.3, ""regularization"": ""lasso"", ""target_transform"": ""raw""}, ""4"": {""alpha"": 3.0, ""regularization"": ""lasso"", ""target_transform"": ""raw""}, ""5"": {""alpha"": 3.0, ""regularization"": ""lasso"", ""target_transform"": ""raw""}, ""6"": {""alpha"": 5.0, ""regularization"": ""lasso"", ""target_transform"": ""raw""}, ""7"": {""alpha"": 7.0, ""regularization"": ""lasso"", ""target_transform"": ""raw""}, ""8"": {""alpha"": 7.0, ""regularization"": ""lasso"", ""target_transform"": ""raw""}, ""9"": {""alpha"": 3.0, ""regularization"": ""lasso"", ""target_transform"": ""raw""}}, ""regularization"": ""lasso"", ""target_transform"": ""raw""}";window_prediction;1;65.7775;62.76276942598405;0;hourly;all_standard_blocks;53.732769425984046;71.79276942598405
